id1,id2,weight
121,0,1
318,0,1
22,0,1
273,0,1
421,0,1
325,0,1
395,0,1
13,0,1
149,0,1
145,0,1
199,0,1
271,0,1
407,0,1
280,0,1
81,0,1
42,121,1
73,121,1
86,121,1
95,121,1
99,121,1
377,121,1
125,121,1
172,121,1
215,121,1
400,121,1
478,121,1
375,121,1
163,121,1
404,121,1
287,121,1
477,121,1
15,318,1
20,318,1
28,318,1
100,318,1
159,318,1
251,318,1
254,318,1
293,318,1
305,318,1
311,318,1
327,318,1
412,318,1
381,318,1
347,318,1
20,22,1
191,22,1
117,22,1
267,22,1
478,22,1
409,22,1
215,22,1
390,22,1
490,22,1
340,22,1
177,22,1
491,22,1
393,22,1
60,22,1
237,22,1
205,22,1
19,273,1
35,273,1
134,273,1
221,273,1
371,273,1
411,273,1
363,273,1
435,273,1
380,273,1
329,273,1
289,273,1
372,273,1
466,273,1
15,421,1
42,421,1
80,421,1
92,421,1
156,421,1
211,421,1
248,421,1
320,421,1
341,421,1
345,421,1
346,421,1
406,421,1
465,421,1
484,421,1
13,325,1
25,325,1
69,325,1
183,325,1
208,325,1
308,325,1
386,325,1
409,325,1
357,325,1
7,395,1
155,395,1
201,395,1
212,395,1
230,395,1
234,395,1
246,395,1
307,395,1
342,395,1
344,395,1
473,395,1
432,395,1
472,395,1
413,395,1
2,13,1
47,13,1
396,13,1
226,13,1
454,13,1
148,13,1
453,13,1
193,13,1
372,13,1
66,13,1
285,13,1
479,13,1
486,13,1
291,13,1
244,13,1
461,13,1
3,149,1
27,149,1
37,149,1
40,149,1
84,149,1
92,149,1
93,149,1
100,149,1
117,149,1
122,149,1
297,149,1
252,149,1
338,149,1
256,149,1
240,149,1
306,149,1
270,149,1
376,149,1
313,149,1
400,149,1
344,149,1
425,149,1
27,145,1
83,145,1
131,145,1
177,145,1
409,145,1
425,145,1
382,145,1
274,145,1
339,145,1
276,145,1
393,145,1
365,145,1
2,199,1
27,199,1
30,199,1
34,199,1
45,199,1
157,199,1
196,199,1
367,199,1
308,199,1
287,199,1
265,199,1
437,199,1
415,199,1
348,199,1
343,199,1
434,199,1
376,199,1
324,199,1
266,199,1
9,271,1
24,271,1
43,271,1
83,271,1
86,271,1
108,271,1
110,271,1
122,271,1
188,271,1
290,271,1
311,271,1
367,271,1
326,271,1
359,271,1
386,271,1
436,271,1
308,271,1
466,271,1
82,407,1
98,407,1
104,407,1
154,407,1
173,407,1
186,407,1
262,407,1
288,407,1
294,407,1
390,407,1
485,407,1
434,407,1
412,407,1
487,407,1
441,407,1
427,407,1
494,407,1
5,280,1
11,280,1
25,280,1
51,280,1
62,280,1
75,280,1
104,280,1
142,280,1
154,280,1
178,280,1
197,280,1
255,280,1
268,280,1
323,280,1
458,280,1
369,280,1
333,280,1
404,280,1
416,280,1
493,280,1
485,81,1
431,81,1
393,81,1
315,81,1
245,81,1
225,81,1
228,81,1
125,81,1
416,81,1
83,81,1
272,81,1
430,81,1
150,81,1
354,81,1
408,81,1
455,1,1
173,1,1
4,1,1
140,1,1
85,1,1
30,1,1
191,1,1
125,1,1
326,1,1
148,1,1
230,1,1
317,1,1
27,455,1
43,455,1
80,455,1
156,455,1
260,455,1
315,455,1
368,455,1
383,455,1
394,455,1
409,455,1
485,455,1
468,455,1
461,455,1
463,455,1
7,173,1
12,173,1
33,173,1
53,173,1
98,173,1
122,173,1
164,173,1
167,173,1
187,173,1
296,173,1
414,173,1
353,173,1
427,173,1
340,173,1
264,173,1
311,173,1
388,173,1
278,173,1
358,173,1
429,4,1
23,4,1
45,4,1
263,4,1
495,4,1
310,4,1
254,4,1
301,4,1
453,4,1
266,4,1
52,4,1
282,4,1
334,4,1
354,4,1
450,4,1
172,4,1
449,4,1
249,4,1
200,4,1
490,4,1
43,4,1
468,4,1
89,140,1
428,140,1
309,140,1
159,140,1
484,140,1
479,140,1
291,140,1
496,140,1
464,140,1
447,140,1
3,85,1
30,85,1
44,85,1
279,85,1
95,85,1
116,85,1
204,85,1
238,85,1
139,85,1
213,85,1
403,85,1
266,85,1
477,85,1
102,85,1
304,85,1
158,85,1
153,85,1
292,85,1
472,30,1
269,30,1
226,30,1
258,30,1
185,30,1
104,30,1
299,30,1
374,30,1
177,30,1
359,30,1
176,30,1
168,30,1
194,30,1
217,30,1
248,30,1
449,30,1
230,30,1
262,30,1
46,30,1
489,30,1
74,191,1
106,191,1
374,191,1
230,191,1
384,191,1
449,191,1
243,191,1
478,191,1
268,191,1
306,191,1
429,191,1
335,191,1
496,191,1
10,125,1
12,125,1
15,125,1
21,125,1
50,125,1
56,125,1
78,125,1
92,125,1
223,125,1
219,125,1
144,125,1
152,125,1
367,125,1
352,125,1
249,125,1
429,125,1
33,326,1
109,326,1
182,326,1
203,326,1
213,326,1
256,326,1
286,326,1
304,326,1
471,326,1
484,326,1
366,326,1
450,326,1
432,326,1
349,326,1
46,148,1
104,148,1
114,148,1
144,148,1
316,148,1
436,148,1
247,148,1
163,148,1
281,148,1
171,148,1
467,148,1
358,148,1
351,148,1
19,230,1
20,230,1
25,230,1
53,230,1
68,230,1
74,230,1
154,230,1
180,230,1
184,230,1
225,230,1
390,230,1
465,230,1
348,230,1
428,230,1
14,317,1
47,317,1
80,317,1
92,317,1
172,317,1
183,317,1
185,317,1
189,317,1
208,317,1
213,317,1
321,317,1
393,317,1
425,317,1
445,317,1
433,317,1
90,2,1
305,2,1
8,2,1
37,2,1
324,2,1
353,2,1
276,2,1
131,2,1
335,2,1
293,2,1
428,2,1
29,90,1
35,90,1
73,90,1
338,90,1
195,90,1
246,90,1
414,90,1
430,90,1
283,90,1
364,90,1
398,90,1
443,90,1
301,90,1
188,90,1
308,90,1
113,90,1
23,305,1
24,305,1
47,305,1
112,305,1
143,305,1
169,305,1
181,305,1
185,305,1
188,305,1
198,305,1
211,305,1
245,305,1
291,305,1
484,305,1
415,305,1
217,8,1
238,8,1
353,8,1
498,8,1
480,8,1
449,8,1
432,8,1
478,8,1
69,8,1
184,8,1
198,8,1
364,8,1
172,37,1
348,37,1
44,37,1
212,37,1
110,37,1
72,37,1
215,37,1
131,37,1
497,37,1
464,37,1
91,37,1
282,37,1
368,37,1
18,324,1
41,324,1
47,324,1
62,324,1
78,324,1
144,324,1
174,324,1
244,324,1
279,324,1
307,324,1
401,324,1
356,324,1
496,324,1
330,324,1
397,324,1
417,324,1
376,324,1
15,353,1
18,353,1
59,353,1
71,353,1
98,353,1
150,353,1
200,353,1
221,353,1
333,353,1
440,353,1
486,353,1
46,276,1
87,276,1
101,276,1
174,276,1
217,276,1
243,276,1
251,276,1
264,276,1
373,276,1
481,276,1
357,276,1
419,276,1
462,276,1
310,276,1
73,131,1
102,131,1
113,131,1
114,131,1
265,131,1
216,131,1
446,131,1
406,131,1
267,131,1
428,131,1
430,131,1
207,131,1
195,131,1
497,131,1
202,131,1
387,131,1
460,131,1
157,131,1
10,335,1
14,335,1
21,335,1
123,335,1
143,335,1
153,335,1
164,335,1
210,335,1
301,335,1
309,335,1
331,335,1
489,335,1
408,335,1
480,335,1
428,335,1
14,293,1
21,293,1
118,293,1
127,293,1
129,293,1
166,293,1
441,293,1
463,293,1
487,293,1
474,293,1
413,293,1
342,293,1
423,293,1
19,428,1
115,428,1
189,428,1
209,428,1
258,428,1
295,428,1
320,428,1
401,428,1
487,428,1
439,428,1
445,428,1
221,3,1
136,3,1
356,3,1
382,3,1
179,3,1
432,3,1
372,3,1
177,3,1
178,3,1
104,3,1
6,221,1
61,221,1
74,221,1
103,221,1
329,221,1
338,221,1
440,221,1
267,221,1
278,221,1
482,221,1
356,221,1
32,136,1
52,136,1
83,136,1
268,136,1
489,136,1
256,136,1
241,136,1
376,136,1
143,136,1
216,136,1
254,136,1
142,136,1
197,136,1
385,136,1
425,136,1
25,356,1
58,356,1
110,356,1
112,356,1
119,356,1
128,356,1
189,356,1
206,356,1
222,356,1
255,356,1
299,356,1
343,356,1
348,356,1
368,356,1
35,382,1
42,382,1
59,382,1
208,382,1
219,382,1
231,382,1
238,382,1
272,382,1
331,382,1
354,382,1
376,382,1
380,382,1
445,382,1
420,382,1
469,382,1
451,382,1
33,179,1
45,179,1
76,179,1
95,179,1
102,179,1
103,179,1
116,179,1
243,179,1
402,179,1
427,179,1
473,179,1
290,179,1
360,179,1
269,179,1
403,179,1
321,179,1
7,432,1
38,432,1
44,432,1
117,432,1
119,432,1
124,432,1
137,432,1
157,432,1
243,432,1
279,432,1
292,432,1
303,432,1
390,432,1
465,432,1
466,432,1
460,432,1
71,372,1
84,372,1
133,372,1
159,372,1
215,372,1
299,372,1
334,372,1
336,372,1
342,372,1
418,372,1
478,372,1
492,372,1
38,177,1
112,177,1
266,177,1
184,177,1
418,177,1
217,177,1
469,177,1
263,177,1
256,177,1
322,177,1
241,177,1
28,178,1
55,178,1
167,178,1
169,178,1
249,178,1
258,178,1
283,178,1
294,178,1
484,178,1
408,178,1
314,178,1
284,178,1
240,178,1
12,104,1
34,104,1
430,104,1
233,104,1
120,104,1
141,104,1
412,104,1
327,104,1
408,104,1
134,104,1
449,104,1
373,104,1
10,429,1
86,429,1
99,429,1
129,429,1
170,429,1
220,429,1
228,429,1
233,429,1
241,429,1
425,429,1
436,429,1
496,429,1
453,429,1
279,23,1
197,23,1
437,23,1
73,23,1
56,23,1
32,23,1
165,23,1
268,23,1
448,23,1
427,23,1
403,23,1
34,45,1
154,45,1
471,45,1
468,45,1
355,45,1
408,45,1
189,45,1
370,45,1
300,45,1
420,45,1
159,45,1
79,45,1
75,45,1
59,45,1
211,45,1
51,263,1
59,263,1
63,263,1
114,263,1
152,263,1
225,263,1
240,263,1
367,263,1
371,263,1
270,263,1
64,495,1
83,495,1
96,495,1
113,495,1
128,495,1
225,495,1
227,495,1
243,495,1
393,495,1
423,495,1
464,495,1
474,495,1
492,495,1
36,310,1
52,310,1
157,310,1
205,310,1
206,310,1
231,310,1
232,310,1
244,310,1
462,310,1
456,310,1
397,310,1
435,310,1
334,310,1
451,310,1
358,310,1
345,310,1
62,254,1
137,254,1
201,254,1
219,254,1
373,254,1
379,254,1
406,254,1
477,254,1
480,254,1
46,301,1
111,301,1
237,301,1
294,301,1
302,301,1
472,301,1
430,301,1
400,301,1
66,453,1
69,453,1
75,453,1
116,453,1
176,453,1
226,453,1
264,453,1
290,453,1
344,453,1
359,453,1
444,453,1
475,453,1
470,453,1
89,266,1
113,266,1
133,266,1
135,266,1
167,266,1
182,266,1
201,266,1
222,266,1
233,266,1
260,266,1
371,266,1
487,266,1
451,266,1
399,266,1
434,266,1
355,266,1
444,266,1
17,52,1
36,52,1
38,52,1
39,52,1
208,52,1
491,52,1
413,52,1
370,52,1
196,52,1
139,52,1
366,52,1
361,52,1
284,52,1
297,52,1
127,52,1
41,282,1
78,282,1
112,282,1
163,282,1
216,282,1
235,282,1
241,282,1
264,282,1
396,282,1
392,282,1
379,282,1
442,282,1
446,282,1
316,282,1
40,334,1
53,334,1
65,334,1
172,334,1
195,334,1
212,334,1
214,334,1
253,334,1
255,334,1
359,334,1
386,334,1
401,334,1
404,334,1
75,354,1
84,354,1
88,354,1
129,354,1
200,354,1
315,354,1
438,354,1
379,354,1
426,354,1
355,354,1
485,354,1
128,450,1
227,450,1
234,450,1
252,450,1
291,450,1
336,450,1
379,450,1
406,450,1
457,450,1
482,450,1
472,450,1
62,172,1
116,172,1
118,172,1
352,172,1
411,172,1
373,172,1
265,172,1
258,172,1
212,172,1
217,172,1
34,449,1
58,449,1
116,449,1
123,449,1
158,449,1
164,449,1
269,449,1
284,449,1
316,449,1
359,449,1
378,449,1
434,449,1
494,449,1
111,249,1
150,249,1
233,249,1
394,249,1
404,249,1
286,249,1
288,249,1
348,249,1
487,249,1
457,249,1
20,200,1
95,200,1
111,200,1
120,200,1
135,200,1
138,200,1
144,200,1
245,200,1
444,200,1
255,200,1
294,200,1
233,200,1
203,200,1
231,200,1
405,200,1
69,490,1
128,490,1
139,490,1
166,490,1
180,490,1
227,490,1
241,490,1
250,490,1
278,490,1
303,490,1
308,490,1
314,490,1
349,490,1
400,490,1
462,490,1
482,490,1
498,490,1
499,490,1
309,43,1
401,43,1
357,43,1
235,43,1
59,43,1
394,43,1
291,43,1
71,43,1
109,43,1
286,43,1
217,43,1
50,43,1
28,468,1
78,468,1
126,468,1
166,468,1
281,468,1
366,468,1
376,468,1
406,468,1
448,468,1
424,5,1
442,5,1
150,5,1
294,5,1
430,5,1
401,5,1
120,5,1
452,5,1
497,5,1
74,5,1
329,5,1
245,5,1
92,5,1
119,5,1
473,5,1
129,5,1
56,424,1
86,424,1
98,424,1
126,424,1
158,424,1
186,424,1
284,424,1
389,424,1
401,424,1
431,424,1
474,424,1
49,442,1
67,442,1
163,442,1
201,442,1
252,442,1
286,442,1
340,442,1
390,442,1
464,442,1
461,442,1
476,442,1
29,150,1
64,150,1
74,150,1
87,150,1
130,150,1
235,150,1
437,150,1
303,150,1
342,150,1
322,150,1
496,150,1
205,150,1
388,150,1
6,294,1
16,294,1
39,294,1
62,294,1
94,294,1
116,294,1
142,294,1
147,294,1
166,294,1
174,294,1
272,294,1
278,294,1
292,294,1
480,294,1
415,294,1
333,294,1
299,294,1
377,294,1
31,430,1
65,430,1
97,430,1
117,430,1
156,430,1
168,430,1
192,430,1
240,430,1
248,430,1
250,430,1
351,430,1
419,430,1
487,430,1
445,430,1
494,430,1
7,401,1
19,401,1
25,401,1
26,401,1
46,401,1
83,401,1
209,401,1
225,401,1
351,401,1
375,401,1
403,401,1
402,401,1
487,401,1
26,120,1
103,120,1
110,120,1
438,120,1
412,120,1
396,120,1
386,120,1
488,120,1
323,120,1
222,120,1
215,120,1
427,120,1
341,120,1
220,120,1
460,120,1
155,452,1
157,452,1
165,452,1
171,452,1
224,452,1
296,452,1
314,452,1
327,452,1
358,452,1
379,452,1
388,452,1
410,452,1
431,452,1
436,452,1
498,452,1
489,452,1
16,497,1
53,497,1
103,497,1
181,497,1
196,497,1
228,497,1
242,497,1
250,497,1
264,497,1
336,497,1
399,497,1
491,497,1
91,74,1
84,74,1
476,74,1
373,74,1
471,74,1
106,74,1
112,74,1
211,74,1
33,329,1
67,329,1
97,329,1
222,329,1
224,329,1
251,329,1
291,329,1
458,329,1
460,329,1
420,329,1
362,329,1
35,245,1
138,245,1
142,245,1
168,245,1
216,245,1
220,245,1
233,245,1
454,245,1
373,245,1
299,245,1
308,245,1
84,92,1
384,92,1
351,92,1
419,92,1
98,92,1
358,92,1
400,92,1
170,92,1
241,92,1
235,92,1
431,92,1
58,119,1
270,119,1
351,119,1
265,119,1
126,119,1
186,119,1
234,119,1
451,119,1
189,119,1
418,119,1
86,473,1
130,473,1
171,473,1
187,473,1
232,473,1
339,473,1
368,473,1
375,473,1
387,473,1
413,473,1
416,473,1
470,473,1
47,129,1
122,129,1
434,129,1
390,129,1
295,129,1
228,129,1
292,129,1
386,129,1
393,129,1
181,129,1
405,129,1
162,129,1
185,129,1
439,129,1
467,129,1
218,129,1
66,6,1
392,6,1
447,6,1
463,6,1
434,6,1
157,6,1
415,6,1
375,6,1
171,6,1
321,6,1
80,6,1
28,6,1
470,6,1
60,6,1
198,66,1
344,66,1
244,66,1
72,66,1
321,66,1
268,66,1
77,66,1
209,66,1
339,66,1
117,66,1
257,66,1
21,392,1
40,392,1
53,392,1
130,392,1
170,392,1
220,392,1
289,392,1
331,392,1
470,392,1
478,392,1
409,392,1
494,392,1
496,392,1
24,447,1
27,447,1
54,447,1
71,447,1
86,447,1
91,447,1
195,447,1
235,447,1
350,447,1
358,447,1
370,447,1
436,447,1
462,447,1
469,447,1
26,463,1
34,463,1
67,463,1
99,463,1
100,463,1
205,463,1
216,463,1
233,463,1
322,463,1
363,463,1
489,463,1
478,463,1
17,434,1
216,434,1
222,434,1
348,434,1
349,434,1
438,434,1
82,157,1
105,157,1
108,157,1
418,157,1
394,157,1
359,157,1
205,157,1
315,157,1
361,157,1
194,157,1
470,157,1
183,157,1
471,157,1
16,415,1
28,415,1
88,415,1
127,415,1
169,415,1
290,415,1
330,415,1
425,415,1
496,415,1
67,375,1
155,375,1
174,375,1
210,375,1
289,375,1
297,375,1
458,375,1
11,171,1
168,171,1
488,171,1
299,171,1
175,171,1
482,171,1
327,171,1
295,171,1
499,171,1
333,171,1
65,321,1
68,321,1
71,321,1
80,321,1
134,321,1
162,321,1
169,321,1
201,321,1
206,321,1
258,321,1
286,321,1
299,321,1
316,321,1
391,321,1
410,321,1
405,321,1
465,321,1
347,321,1
18,80,1
398,80,1
313,80,1
436,80,1
332,80,1
132,80,1
441,80,1
454,80,1
480,80,1
175,28,1
494,28,1
69,28,1
186,28,1
390,28,1
101,28,1
471,28,1
56,470,1
57,470,1
89,470,1
225,470,1
233,470,1
307,470,1
439,470,1
46,60,1
474,60,1
163,60,1
338,60,1
227,60,1
251,60,1
358,60,1
492,60,1
385,60,1
207,60,1
359,60,1
414,60,1
300,60,1
482,60,1
76,60,1
465,7,1
261,7,1
464,7,1
333,7,1
180,7,1
479,7,1
328,7,1
268,7,1
143,7,1
279,7,1
40,465,1
41,465,1
50,465,1
63,465,1
96,465,1
103,465,1
109,465,1
184,465,1
206,465,1
220,465,1
251,465,1
252,465,1
253,465,1
338,465,1
386,465,1
114,261,1
155,261,1
156,261,1
180,261,1
189,261,1
190,261,1
248,261,1
400,261,1
269,261,1
303,261,1
486,261,1
394,261,1
408,261,1
376,261,1
29,464,1
65,464,1
88,464,1
113,464,1
204,464,1
264,464,1
323,464,1
365,464,1
367,464,1
406,464,1
416,464,1
36,333,1
46,333,1
50,333,1
71,333,1
73,333,1
83,333,1
89,333,1
127,333,1
134,333,1
194,333,1
210,333,1
211,333,1
235,333,1
331,333,1
469,333,1
448,333,1
435,333,1
479,333,1
39,180,1
65,180,1
100,180,1
166,180,1
168,180,1
207,180,1
265,180,1
212,180,1
400,180,1
377,180,1
486,180,1
308,180,1
189,180,1
257,180,1
390,180,1
32,479,1
49,479,1
102,479,1
103,479,1
117,479,1
138,479,1
188,479,1
214,479,1
224,479,1
272,479,1
302,479,1
423,479,1
71,328,1
161,328,1
166,328,1
186,328,1
229,328,1
236,328,1
259,328,1
290,328,1
292,328,1
347,328,1
437,328,1
462,328,1
390,328,1
483,328,1
161,268,1
175,268,1
423,268,1
427,268,1
33,143,1
112,143,1
130,143,1
320,143,1
402,143,1
370,143,1
371,143,1
281,143,1
207,143,1
277,143,1
312,143,1
67,279,1
76,279,1
83,279,1
137,279,1
146,279,1
242,279,1
486,279,1
459,279,1
364,279,1
389,279,1
113,217,1
161,217,1
162,217,1
227,217,1
330,217,1
218,217,1
467,217,1
446,217,1
322,217,1
378,217,1
275,217,1
89,238,1
128,238,1
235,238,1
340,238,1
496,238,1
369,238,1
246,238,1
349,238,1
481,238,1
433,238,1
419,238,1
297,238,1
269,238,1
399,238,1
49,498,1
138,498,1
165,498,1
237,498,1
285,498,1
312,498,1
380,498,1
381,498,1
433,498,1
467,498,1
27,480,1
36,480,1
49,480,1
50,480,1
169,480,1
203,480,1
233,480,1
248,480,1
297,480,1
341,480,1
345,480,1
374,480,1
397,480,1
410,480,1
443,480,1
444,480,1
485,480,1
156,478,1
240,478,1
297,478,1
312,478,1
377,478,1
381,478,1
396,478,1
402,478,1
413,478,1
460,478,1
462,478,1
426,69,1
134,69,1
144,69,1
388,69,1
348,69,1
127,69,1
158,69,1
377,69,1
496,69,1
14,184,1
70,184,1
196,184,1
338,184,1
210,184,1
385,184,1
197,184,1
236,184,1
257,184,1
20,198,1
31,198,1
87,198,1
114,198,1
159,198,1
167,198,1
256,198,1
212,198,1
365,198,1
303,198,1
63,364,1
101,364,1
112,364,1
142,364,1
155,364,1
202,364,1
234,364,1
239,364,1
253,364,1
323,364,1
337,364,1
361,364,1
441,364,1
409,364,1
371,364,1
485,364,1
21,9,1
218,9,1
169,9,1
404,9,1
224,9,1
250,9,1
306,9,1
284,9,1
492,9,1
355,9,1
72,9,1
416,9,1
252,9,1
73,9,1
225,9,1
419,21,1
383,21,1
359,21,1
82,21,1
87,21,1
88,21,1
135,21,1
253,21,1
440,21,1
12,218,1
35,218,1
117,218,1
151,218,1
187,218,1
209,218,1
211,218,1
414,218,1
393,218,1
363,218,1
483,218,1
476,218,1
331,218,1
488,218,1
358,218,1
366,218,1
379,218,1
89,169,1
215,169,1
385,169,1
458,169,1
192,169,1
210,169,1
373,169,1
77,404,1
126,404,1
142,404,1
151,404,1
182,404,1
205,404,1
274,404,1
290,404,1
298,404,1
300,404,1
302,404,1
342,404,1
438,404,1
27,224,1
53,224,1
79,224,1
244,224,1
451,224,1
313,224,1
441,224,1
399,224,1
327,224,1
278,224,1
425,224,1
57,250,1
68,250,1
192,250,1
193,250,1
206,250,1
228,250,1
247,250,1
351,250,1
446,250,1
340,250,1
476,250,1
330,250,1
257,250,1
336,250,1
370,250,1
38,306,1
73,306,1
82,306,1
108,306,1
112,306,1
190,306,1
253,306,1
255,306,1
339,306,1
320,306,1
377,306,1
26,284,1
128,284,1
225,284,1
236,284,1
431,284,1
387,284,1
475,284,1
323,284,1
341,284,1
379,284,1
40,492,1
139,492,1
158,492,1
207,492,1
214,492,1
223,492,1
241,492,1
336,492,1
396,492,1
457,492,1
482,492,1
18,355,1
49,355,1
59,355,1
102,355,1
127,355,1
201,355,1
246,355,1
264,355,1
343,355,1
350,355,1
351,355,1
433,355,1
496,355,1
417,355,1
371,355,1
365,355,1
67,72,1
187,72,1
362,72,1
201,72,1
96,72,1
87,72,1
440,72,1
295,72,1
99,72,1
219,72,1
454,72,1
186,72,1
97,416,1
114,416,1
182,416,1
226,416,1
253,416,1
288,416,1
296,416,1
313,416,1
314,416,1
381,416,1
408,416,1
437,416,1
10,252,1
86,252,1
114,252,1
133,252,1
163,252,1
236,252,1
315,252,1
316,252,1
467,252,1
292,252,1
262,252,1
40,73,1
44,73,1
61,73,1
152,73,1
369,73,1
281,73,1
237,73,1
491,73,1
383,73,1
93,73,1
234,73,1
438,73,1
187,73,1
192,73,1
78,73,1
93,225,1
97,225,1
302,225,1
398,225,1
405,225,1
297,225,1
339,225,1
475,225,1
397,225,1
311,225,1
267,225,1
357,10,1
139,10,1
393,10,1
377,10,1
132,10,1
242,10,1
146,10,1
58,10,1
412,10,1
223,10,1
315,10,1
20,357,1
64,357,1
112,357,1
152,357,1
159,357,1
188,357,1
258,357,1
295,357,1
363,357,1
374,357,1
368,357,1
460,357,1
487,357,1
11,139,1
40,139,1
49,139,1
59,139,1
71,139,1
84,139,1
95,139,1
97,139,1
158,139,1
459,139,1
315,139,1
418,139,1
472,139,1
194,139,1
469,139,1
89,393,1
118,393,1
123,393,1
168,393,1
175,393,1
210,393,1
251,393,1
283,393,1
380,393,1
436,393,1
16,377,1
89,377,1
91,377,1
98,377,1
135,377,1
298,377,1
314,377,1
467,377,1
454,377,1
91,132,1
94,132,1
275,132,1
207,132,1
222,132,1
445,132,1
471,132,1
281,132,1
14,242,1
44,242,1
51,242,1
53,242,1
115,242,1
151,242,1
164,242,1
485,242,1
298,242,1
316,242,1
406,242,1
413,242,1
320,242,1
39,146,1
64,146,1
107,146,1
231,146,1
482,146,1
156,146,1
262,146,1
352,146,1
243,146,1
185,146,1
235,146,1
243,58,1
397,58,1
91,58,1
343,58,1
308,58,1
494,58,1
63,58,1
246,58,1
436,58,1
244,58,1
16,412,1
40,412,1
57,412,1
161,412,1
190,412,1
206,412,1
278,412,1
322,412,1
338,412,1
339,412,1
360,412,1
413,412,1
448,412,1
105,223,1
118,223,1
153,223,1
161,223,1
190,223,1
197,223,1
201,223,1
359,223,1
260,223,1
422,223,1
235,223,1
346,223,1
347,223,1
363,223,1
316,223,1
70,315,1
79,315,1
105,315,1
165,315,1
208,315,1
211,315,1
376,315,1
474,315,1
489,315,1
352,315,1
399,315,1
342,315,1
347,315,1
435,315,1
97,11,1
235,11,1
126,11,1
202,11,1
347,11,1
159,11,1
54,11,1
323,11,1
378,11,1
405,11,1
204,11,1
14,97,1
96,97,1
374,97,1
379,97,1
193,97,1
128,97,1
158,97,1
418,97,1
113,97,1
467,97,1
154,97,1
20,235,1
105,235,1
141,235,1
228,235,1
262,235,1
239,235,1
257,235,1
336,235,1
446,235,1
16,126,1
19,126,1
25,126,1
26,126,1
65,126,1
94,126,1
100,126,1
151,126,1
194,126,1
383,126,1
385,126,1
459,126,1
482,126,1
247,126,1
227,126,1
343,126,1
419,126,1
379,126,1
35,202,1
39,202,1
41,202,1
77,202,1
91,202,1
103,202,1
175,202,1
193,202,1
195,202,1
458,202,1
499,202,1
461,202,1
286,202,1
39,347,1
153,347,1
216,347,1
264,347,1
275,347,1
304,347,1
435,347,1
398,347,1
25,159,1
64,159,1
96,159,1
106,159,1
107,159,1
111,159,1
113,159,1
151,159,1
161,159,1
265,159,1
389,54,1
277,54,1
211,54,1
314,54,1
330,54,1
88,54,1
141,54,1
337,54,1
472,54,1
79,54,1
300,54,1
20,323,1
75,323,1
113,323,1
116,323,1
229,323,1
275,323,1
320,323,1
488,323,1
426,323,1
349,323,1
394,323,1
345,323,1
352,323,1
33,378,1
96,378,1
130,378,1
296,378,1
331,378,1
386,378,1
402,378,1
408,378,1
15,405,1
29,405,1
111,405,1
170,405,1
174,405,1
298,405,1
337,405,1
349,405,1
358,405,1
361,405,1
383,405,1
403,405,1
431,405,1
446,405,1
36,204,1
62,204,1
100,204,1
345,204,1
361,204,1
351,204,1
220,204,1
425,204,1
396,204,1
265,12,1
248,12,1
163,12,1
339,12,1
33,12,1
277,12,1
477,12,1
36,265,1
64,265,1
100,265,1
152,265,1
194,265,1
213,265,1
244,265,1
256,265,1
316,265,1
367,265,1
403,265,1
24,248,1
65,248,1
94,248,1
256,248,1
343,248,1
482,248,1
440,248,1
469,248,1
304,248,1
277,248,1
485,248,1
371,248,1
87,163,1
103,163,1
111,163,1
360,163,1
481,163,1
413,163,1
253,163,1
227,163,1
431,163,1
476,163,1
93,339,1
110,339,1
124,339,1
167,339,1
226,339,1
360,339,1
394,339,1
24,33,1
59,33,1
236,33,1
454,33,1
107,33,1
438,33,1
277,33,1
435,33,1
208,33,1
380,33,1
67,277,1
98,277,1
122,277,1
192,277,1
195,277,1
241,277,1
481,277,1
387,277,1
493,277,1
457,277,1
300,277,1
408,277,1
338,277,1
57,477,1
62,477,1
79,477,1
112,477,1
214,477,1
241,477,1
297,477,1
304,477,1
313,477,1
359,477,1
384,477,1
386,477,1
409,477,1
462,477,1
29,47,1
386,47,1
240,47,1
96,47,1
203,47,1
211,47,1
308,47,1
346,47,1
89,47,1
459,47,1
167,47,1
369,47,1
391,47,1
20,396,1
38,396,1
112,396,1
243,396,1
275,396,1
299,396,1
344,396,1
389,396,1
427,396,1
14,226,1
88,226,1
111,226,1
168,226,1
215,226,1
390,226,1
443,226,1
257,226,1
251,226,1
342,226,1
267,226,1
496,226,1
20,454,1
94,454,1
118,454,1
164,454,1
188,454,1
256,454,1
319,454,1
365,454,1
410,454,1
420,454,1
435,454,1
86,193,1
127,193,1
152,193,1
161,193,1
211,193,1
214,193,1
417,193,1
456,193,1
348,193,1
236,193,1
260,193,1
63,285,1
101,285,1
103,285,1
134,285,1
194,285,1
207,285,1
246,285,1
256,285,1
413,285,1
466,285,1
425,285,1
460,285,1
49,486,1
53,486,1
98,486,1
114,486,1
182,486,1
222,486,1
255,486,1
307,486,1
25,291,1
31,291,1
49,291,1
70,291,1
154,291,1
182,291,1
208,291,1
264,291,1
287,291,1
341,291,1
312,291,1
358,291,1
389,291,1
413,291,1
435,291,1
41,244,1
107,244,1
166,244,1
219,244,1
231,244,1
422,244,1
410,244,1
343,244,1
338,244,1
154,461,1
187,461,1
259,461,1
264,461,1
281,461,1
312,461,1
394,461,1
423,461,1
471,461,1
483,461,1
161,14,1
133,14,1
122,14,1
123,14,1
94,14,1
373,14,1
292,14,1
87,14,1
332,14,1
162,14,1
35,161,1
36,161,1
84,161,1
135,161,1
258,161,1
423,161,1
368,161,1
211,161,1
456,161,1
472,161,1
93,133,1
469,133,1
168,133,1
209,133,1
365,133,1
398,133,1
232,133,1
481,133,1
206,133,1
213,133,1
485,122,1
433,122,1
209,122,1
260,122,1
313,122,1
427,122,1
29,123,1
61,123,1
88,123,1
105,123,1
459,123,1
476,123,1
246,123,1
298,123,1
383,123,1
350,123,1
51,94,1
61,94,1
227,94,1
370,94,1
222,94,1
100,94,1
239,94,1
362,94,1
312,94,1
331,94,1
29,373,1
71,373,1
89,373,1
151,373,1
246,373,1
286,373,1
487,373,1
459,373,1
422,373,1
17,292,1
32,292,1
89,292,1
107,292,1
168,292,1
182,292,1
341,292,1
336,292,1
313,292,1
350,292,1
441,87,1
384,87,1
274,87,1
108,87,1
448,87,1
124,87,1
213,87,1
118,87,1
295,87,1
476,87,1
210,87,1
302,87,1
53,332,1
68,332,1
83,332,1
98,332,1
219,332,1
371,332,1
423,332,1
348,332,1
346,332,1
400,332,1
436,332,1
27,162,1
36,162,1
53,162,1
98,162,1
112,162,1
185,162,1
475,162,1
426,162,1
472,162,1
493,162,1
71,15,1
240,15,1
175,15,1
205,15,1
472,15,1
409,15,1
55,15,1
127,15,1
406,15,1
128,15,1
444,15,1
26,71,1
207,71,1
278,71,1
314,71,1
451,71,1
212,71,1
187,71,1
194,71,1
384,71,1
42,240,1
84,240,1
174,240,1
210,240,1
381,240,1
471,240,1
253,240,1
438,240,1
50,175,1
56,175,1
102,175,1
105,175,1
484,175,1
460,175,1
308,175,1
183,175,1
363,175,1
474,175,1
365,175,1
330,175,1
433,175,1
489,175,1
236,175,1
17,205,1
27,205,1
35,205,1
102,205,1
147,205,1
467,205,1
345,205,1
206,205,1
423,205,1
275,205,1
50,472,1
75,472,1
93,472,1
337,472,1
384,472,1
423,472,1
483,472,1
76,409,1
83,409,1
158,409,1
176,409,1
195,409,1
196,409,1
327,409,1
363,409,1
485,409,1
496,409,1
25,55,1
209,55,1
106,55,1
289,55,1
458,55,1
100,55,1
499,55,1
222,55,1
93,55,1
259,55,1
35,127,1
48,127,1
64,127,1
70,127,1
83,127,1
84,127,1
105,127,1
137,127,1
262,127,1
278,127,1
260,127,1
350,127,1
26,406,1
79,406,1
128,406,1
229,406,1
267,406,1
295,406,1
380,406,1
456,406,1
476,406,1
445,406,1
82,128,1
106,128,1
336,128,1
344,128,1
274,128,1
289,128,1
32,444,1
38,444,1
42,444,1
56,444,1
106,444,1
174,444,1
232,444,1
247,444,1
256,444,1
287,444,1
300,444,1
303,444,1
346,444,1
418,444,1
420,444,1
436,444,1
443,444,1
481,444,1
194,16,1
257,16,1
370,16,1
349,16,1
86,16,1
437,16,1
44,16,1
155,16,1
76,16,1
165,16,1
118,194,1
287,194,1
331,194,1
295,194,1
456,194,1
156,257,1
251,257,1
366,257,1
466,257,1
289,257,1
487,257,1
398,257,1
360,257,1
51,370,1
56,370,1
79,370,1
117,370,1
141,370,1
287,370,1
414,370,1
389,370,1
459,370,1
39,349,1
40,349,1
75,349,1
79,349,1
91,349,1
101,349,1
167,349,1
466,349,1
352,349,1
350,86,1
142,86,1
314,86,1
417,86,1
462,86,1
215,86,1
384,86,1
433,86,1
18,437,1
26,437,1
113,437,1
144,437,1
156,437,1
229,437,1
290,437,1
397,437,1
467,437,1
475,437,1
443,437,1
24,44,1
39,44,1
41,44,1
160,44,1
299,44,1
403,44,1
107,44,1
99,44,1
275,44,1
167,44,1
365,44,1
64,155,1
67,155,1
96,155,1
99,155,1
101,155,1
102,155,1
239,155,1
426,155,1
166,155,1
27,76,1
287,76,1
95,76,1
201,76,1
418,76,1
288,76,1
106,76,1
431,76,1
239,76,1
103,76,1
197,76,1
389,76,1
376,76,1
46,165,1
49,165,1
156,165,1
274,165,1
174,165,1
376,165,1
290,165,1
253,165,1
391,165,1
212,165,1
31,17,1
327,17,1
397,17,1
195,17,1
188,17,1
367,17,1
138,17,1
337,17,1
134,17,1
344,31,1
278,31,1
487,31,1
166,31,1
270,31,1
286,31,1
57,31,1
26,327,1
154,327,1
220,327,1
288,327,1
289,327,1
457,327,1
425,327,1
34,397,1
62,397,1
160,397,1
164,397,1
210,397,1
214,397,1
232,397,1
302,397,1
342,397,1
345,397,1
348,397,1
361,397,1
376,397,1
387,397,1
441,397,1
134,195,1
167,195,1
203,195,1
296,195,1
320,195,1
295,195,1
348,195,1
220,195,1
75,188,1
267,188,1
360,188,1
435,188,1
359,188,1
211,188,1
469,188,1
190,188,1
398,188,1
38,367,1
137,367,1
237,367,1
274,367,1
456,367,1
467,367,1
460,367,1
63,138,1
78,138,1
380,138,1
422,138,1
209,138,1
236,138,1
359,138,1
32,337,1
62,337,1
98,337,1
117,337,1
426,337,1
365,337,1
79,134,1
379,134,1
319,134,1
330,134,1
182,134,1
210,134,1
278,134,1
213,134,1
466,134,1
338,134,1
446,134,1
289,134,1
93,18,1
116,18,1
231,18,1
483,18,1
403,18,1
108,18,1
394,18,1
283,18,1
295,18,1
181,93,1
303,93,1
137,93,1
466,93,1
436,93,1
386,93,1
237,93,1
343,116,1
363,116,1
388,116,1
130,116,1
366,116,1
124,116,1
383,116,1
75,231,1
196,231,1
211,231,1
425,231,1
388,231,1
38,483,1
57,483,1
83,483,1
84,483,1
176,483,1
363,483,1
423,483,1
488,483,1
84,403,1
167,403,1
227,403,1
246,403,1
296,403,1
307,403,1
322,403,1
394,403,1
484,403,1
481,403,1
57,108,1
83,108,1
96,108,1
343,108,1
433,108,1
185,108,1
489,108,1
147,108,1
418,108,1
247,394,1
443,394,1
420,394,1
457,394,1
425,394,1
36,283,1
49,283,1
112,283,1
147,283,1
346,283,1
361,283,1
343,283,1
286,283,1
462,283,1
336,283,1
296,283,1
441,283,1
340,283,1
26,295,1
46,295,1
61,295,1
64,295,1
65,295,1
299,295,1
360,295,1
391,19,1
118,19,1
212,19,1
70,19,1
384,19,1
308,19,1
38,391,1
70,391,1
232,391,1
251,391,1
298,391,1
482,391,1
417,391,1
50,118,1
82,118,1
234,118,1
340,118,1
471,118,1
158,118,1
241,118,1
469,118,1
379,118,1
493,118,1
27,212,1
156,212,1
187,212,1
211,212,1
489,212,1
222,212,1
234,212,1
236,212,1
56,70,1
436,70,1
213,70,1
387,70,1
109,70,1
154,70,1
142,70,1
39,384,1
176,384,1
190,384,1
287,384,1
290,384,1
476,384,1
457,384,1
445,384,1
99,308,1
259,308,1
448,308,1
374,308,1
440,20,1
348,20,1
25,20,1
443,20,1
65,20,1
160,20,1
319,20,1
40,440,1
41,440,1
113,440,1
147,440,1
154,440,1
192,440,1
239,440,1
287,440,1
309,440,1
368,440,1
431,440,1
269,348,1
304,348,1
400,348,1
374,348,1
24,25,1
417,25,1
267,25,1
441,25,1
124,25,1
402,25,1
36,25,1
229,25,1
269,25,1
106,443,1
137,443,1
227,443,1
243,443,1
304,443,1
341,443,1
363,443,1
376,443,1
431,443,1
112,65,1
209,65,1
187,65,1
398,65,1
413,65,1
220,65,1
39,160,1
101,160,1
141,160,1
192,160,1
176,160,1
423,160,1
422,160,1
253,160,1
482,160,1
426,160,1
32,319,1
77,319,1
113,319,1
228,319,1
229,319,1
232,319,1
491,319,1
459,319,1
29,419,1
48,419,1
105,419,1
203,419,1
207,419,1
297,419,1
320,419,1
360,419,1
371,419,1
398,419,1
48,383,1
61,383,1
211,383,1
251,383,1
256,383,1
258,383,1
313,383,1
369,383,1
475,383,1
417,383,1
95,359,1
130,359,1
220,359,1
343,359,1
484,359,1
499,359,1
56,82,1
79,82,1
290,82,1
259,82,1
89,82,1
234,82,1
39,88,1
50,88,1
278,88,1
269,88,1
182,88,1
410,88,1
418,88,1
110,88,1
174,88,1
270,88,1
63,135,1
78,135,1
192,135,1
342,135,1
98,253,1
115,253,1
232,253,1
243,253,1
352,253,1
341,253,1
338,253,1
51,117,1
441,117,1
174,117,1
262,117,1
340,117,1
41,267,1
49,267,1
100,267,1
233,267,1
259,267,1
475,267,1
485,267,1
457,267,1
360,267,1
39,215,1
46,215,1
398,215,1
220,215,1
418,215,1
445,215,1
363,215,1
36,390,1
105,390,1
166,390,1
352,390,1
488,390,1
46,340,1
286,340,1
336,340,1
456,340,1
494,340,1
99,491,1
164,491,1
170,491,1
189,491,1
342,491,1
410,491,1
433,491,1
460,491,1
210,237,1
213,237,1
216,237,1
312,237,1
269,237,1
256,237,1
262,237,1
422,237,1
258,237,1
61,197,1
79,197,1
183,197,1
233,197,1
288,197,1
239,197,1
300,197,1
438,197,1
436,197,1
141,56,1
207,56,1
471,56,1
228,56,1
109,56,1
40,32,1
166,32,1
222,32,1
101,32,1
91,32,1
476,32,1
345,32,1
141,32,1
234,32,1
107,448,1
113,448,1
190,448,1
345,448,1
410,448,1
496,448,1
48,427,1
68,427,1
89,427,1
151,427,1
167,427,1
241,427,1
289,427,1
418,427,1
456,427,1
385,24,1
345,24,1
493,24,1
441,24,1
213,24,1
27,24,1
344,24,1
203,24,1
374,24,1
210,24,1
144,385,1
239,385,1
256,385,1
342,385,1
361,385,1
445,385,1
418,385,1
481,385,1
426,385,1
387,385,1
438,385,1
67,345,1
109,345,1
156,345,1
494,345,1
420,345,1
414,345,1
59,493,1
96,493,1
100,493,1
103,493,1
153,493,1
158,493,1
189,493,1
229,493,1
233,493,1
322,493,1
358,493,1
381,493,1
49,441,1
156,441,1
219,441,1
286,441,1
330,441,1
489,441,1
109,213,1
206,213,1
400,213,1
431,213,1
320,213,1
49,27,1
153,27,1
186,27,1
338,27,1
151,27,1
190,27,1
351,27,1
41,344,1
182,344,1
236,344,1
269,344,1
311,344,1
316,344,1
476,344,1
379,344,1
402,344,1
431,344,1
78,203,1
168,203,1
457,203,1
302,203,1
331,203,1
330,203,1
496,203,1
342,203,1
290,203,1
105,374,1
153,374,1
270,374,1
275,374,1
386,374,1
462,374,1
471,374,1
38,210,1
96,210,1
232,210,1
309,210,1
311,210,1
459,210,1
63,417,1
103,417,1
144,417,1
152,417,1
363,417,1
371,417,1
381,417,1
41,124,1
62,124,1
142,124,1
331,124,1
351,124,1
166,124,1
187,124,1
380,124,1
208,124,1
233,124,1
26,402,1
98,402,1
111,402,1
196,402,1
259,402,1
288,402,1
299,402,1
379,402,1
435,402,1
426,402,1
423,402,1
350,36,1
181,36,1
84,36,1
208,36,1
48,229,1
84,229,1
91,229,1
183,229,1
196,229,1
206,229,1
275,229,1
264,229,1
433,229,1
314,229,1
34,269,1
209,269,1
270,269,1
474,269,1
274,269,1
446,26,1
431,26,1
151,26,1
233,26,1
170,26,1
342,26,1
75,26,1
201,26,1
362,26,1
456,26,1
59,446,1
105,446,1
137,446,1
208,446,1
214,446,1
260,446,1
414,446,1
489,446,1
474,446,1
67,431,1
110,431,1
216,431,1
336,431,1
466,431,1
458,431,1
68,151,1
83,151,1
362,151,1
208,151,1
247,151,1
89,233,1
168,233,1
176,233,1
298,233,1
316,233,1
243,233,1
278,233,1
61,170,1
64,170,1
77,170,1
153,170,1
167,170,1
439,170,1
469,170,1
420,170,1
287,170,1
236,170,1
300,170,1
144,342,1
239,342,1
258,342,1
350,342,1
379,342,1
358,75,1
95,75,1
322,75,1
338,75,1
115,75,1
50,201,1
68,201,1
425,201,1
458,201,1
68,362,1
219,362,1
262,362,1
309,362,1
311,362,1
379,362,1
399,362,1
476,362,1
499,362,1
77,456,1
109,456,1
168,456,1
275,456,1
34,49,1
352,49,1
275,49,1
320,49,1
499,49,1
141,153,1
154,153,1
439,153,1
286,153,1
435,153,1
341,153,1
418,153,1
181,153,1
29,186,1
96,186,1
102,186,1
105,186,1
243,186,1
418,186,1
272,338,1
436,338,1
79,190,1
166,190,1
189,190,1
251,190,1
411,190,1
438,190,1
192,190,1
451,190,1
48,351,1
307,351,1
458,351,1
369,351,1
34,494,1
154,494,1
185,494,1
214,494,1
219,494,1
365,494,1
366,494,1
387,494,1
29,101,1
63,101,1
376,101,1
352,101,1
255,101,1
111,101,1
141,471,1
289,471,1
360,471,1
369,471,1
109,29,1
220,29,1
35,29,1
156,29,1
96,29,1
107,29,1
239,29,1
275,109,1
214,109,1
192,109,1
346,109,1
154,109,1
243,109,1
433,109,1
144,220,1
166,220,1
381,220,1
274,220,1
247,220,1
482,35,1
304,35,1
260,35,1
270,35,1
78,35,1
196,35,1
499,156,1
247,156,1
475,156,1
185,156,1
451,96,1
112,96,1
398,96,1
331,96,1
422,96,1
38,107,1
228,107,1
174,107,1
222,107,1
312,107,1
414,107,1
154,107,1
360,107,1
84,239,1
185,239,1
219,239,1
228,239,1
259,239,1
309,239,1
83,258,1
95,258,1
130,258,1
152,258,1
154,258,1
187,258,1
485,258,1
106,185,1
426,185,1
438,185,1
311,185,1
458,185,1
466,299,1
411,299,1
423,299,1
309,299,1
42,176,1
78,176,1
438,176,1
460,176,1
399,176,1
196,176,1
206,176,1
102,168,1
115,168,1
137,168,1
260,168,1
371,168,1
272,168,1
48,262,1
115,262,1
264,262,1
331,262,1
352,46,1
423,46,1
466,46,1
270,46,1
147,46,1
113,489,1
147,489,1
234,489,1
287,489,1
311,489,1
368,489,1
484,489,1
114,278,1
182,278,1
307,278,1
475,278,1
389,278,1
41,487,1
64,487,1
259,487,1
445,487,1
499,487,1
40,166,1
99,166,1
418,166,1
436,166,1
423,166,1
485,166,1
411,166,1
458,166,1
61,270,1
112,270,1
187,270,1
346,270,1
423,270,1
289,270,1
387,270,1
343,270,1
39,286,1
274,286,1
360,286,1
336,286,1
439,286,1
482,286,1
451,286,1
167,57,1
303,57,1
289,57,1
398,57,1
413,57,1
496,40,1
281,40,1
137,40,1
51,40,1
232,222,1
274,222,1
484,91,1
232,91,1
350,91,1
112,91,1
53,476,1
144,476,1
154,476,1
219,476,1
365,476,1
388,476,1
439,476,1
400,141,1
387,141,1
183,141,1
102,234,1
144,234,1
485,234,1
435,234,1
457,59,1
307,59,1
289,59,1
314,59,1
98,236,1
208,236,1
311,236,1
260,236,1
62,438,1
255,438,1
341,438,1
418,438,1
79,435,1
83,435,1
304,435,1
358,435,1
466,435,1
111,208,1
459,208,1
485,208,1
389,208,1
469,208,1
314,208,1
41,380,1
62,380,1
174,380,1
192,380,1
227,380,1
322,380,1
451,380,1
398,34,1
214,34,1
209,34,1
61,398,1
259,398,1
311,398,1
316,398,1
360,398,1
387,398,1
410,398,1
474,398,1
38,214,1
84,214,1
189,214,1
376,214,1
360,214,1
414,214,1
289,214,1
130,209,1
158,209,1
232,209,1
433,209,1
251,209,1
414,482,1
51,304,1
79,304,1
350,304,1
474,304,1
488,304,1
411,304,1
64,260,1
167,260,1
227,260,1
290,260,1
274,260,1
298,260,1
316,78,1
499,78,1
436,78,1
475,78,1
216,78,1
77,196,1
174,196,1
274,196,1
241,196,1
425,196,1
62,350,1
152,350,1
154,350,1
183,350,1
211,350,1
256,350,1
281,350,1
309,350,1
322,350,1
376,350,1
48,181,1
142,181,1
183,181,1
228,181,1
458,181,1
467,181,1
460,84,1
422,84,1
290,84,1
105,84,1
68,110,1
105,110,1
247,110,1
302,110,1
496,110,1
358,110,1
426,110,1
460,110,1
183,368,1
309,368,1
457,368,1
61,38,1
174,38,1
451,38,1
484,38,1
387,38,1
206,174,1
358,174,1
289,174,1
303,174,1
113,451,1
114,451,1
297,484,1
379,484,1
411,484,1
414,484,1
460,484,1
475,484,1
219,387,1
247,387,1
251,387,1
346,387,1
381,387,1
474,387,1
300,39,1
467,39,1
363,39,1
365,39,1
426,39,1
142,300,1
275,300,1
474,300,1
458,300,1
369,300,1
281,467,1
114,363,1
313,363,1
399,363,1
388,363,1
481,363,1
53,365,1
331,365,1
314,426,1
399,426,1
77,496,1
147,496,1
167,496,1
289,496,1
371,496,1
42,281,1
98,281,1
192,281,1
331,281,1
458,281,1
296,137,1
410,137,1
312,137,1
164,137,1
272,137,1
288,137,1
48,51,1
410,51,1
341,51,1
290,51,1
311,41,1
274,41,1
63,41,1
243,311,1
290,311,1
436,311,1
48,274,1
207,274,1
330,274,1
422,63,1
298,63,1
289,63,1
302,63,1
485,42,1
400,42,1
313,42,1
89,42,1
142,42,1
77,485,1
296,485,1
488,485,1
115,400,1
316,400,1
414,400,1
115,313,1
264,313,1
371,313,1
341,313,1
457,313,1
48,89,1
457,89,1
288,89,1
296,89,1
227,89,1
352,89,1
341,89,1
103,142,1
216,142,1
422,142,1
192,142,1
361,142,1
413,142,1
154,309,1
381,309,1
341,309,1
462,50,1
241,50,1
99,50,1
422,50,1
358,99,1
158,99,1
389,99,1
247,99,1
379,99,1
48,275,1
379,275,1
290,275,1
330,275,1
352,167,1
298,167,1
360,154,1
251,154,1
251,408,1
316,408,1
361,408,1
68,189,1
115,189,1
183,189,1
386,189,1
246,189,1
111,420,1
114,420,1
331,420,1
413,420,1
410,79,1
247,79,1
290,79,1
439,79,1
475,79,1
312,79,1
445,211,1
381,211,1
499,211,1
64,352,1
114,423,1
219,423,1
410,423,1
458,423,1
98,466,1
144,466,1
241,466,1
288,466,1
462,466,1
77,147,1
411,147,1
369,147,1
182,147,1
113,386,1
232,386,1
389,346,1
460,346,1
259,459,1
316,459,1
488,459,1
98,369,1
105,369,1
112,369,1
360,369,1
379,369,1
83,48,1
113,48,1
77,48,1
343,83,1
481,83,1
413,113,1
255,113,1
314,77,1
312,320,1
445,320,1
112,499,1
216,462,1
288,462,1
302,462,1
361,462,1
433,241,1
341,241,1
115,422,1
322,422,1
388,422,1
414,422,1
227,410,1
256,410,1
488,410,1
68,341,1
307,341,1
187,290,1
216,290,1
358,290,1
187,413,1
366,413,1
115,366,1
187,366,1
192,366,1
227,366,1
425,366,1
414,366,1
53,361,1
259,297,1
264,297,1
411,297,1
246,53,1
144,53,1
100,246,1
411,246,1
469,246,1
474,246,1
95,144,1
102,144,1
259,144,1
255,144,1
106,389,1
474,389,1
481,389,1
67,314,1
111,330,1
158,330,1
228,330,1
243,330,1
183,106,1
102,289,1
303,289,1
336,458,1
481,458,1
481,100,1
182,100,1
316,100,1
296,259,1
183,207,1
298,207,1
376,207,1
152,228,1
399,228,1
445,228,1
103,303,1
439,303,1
183,243,1
187,243,1
460,243,1
102,343,1
272,343,1
187,436,1
247,436,1
255,436,1
272,436,1
474,457,1
67,307,1
474,307,1
433,227,1
187,251,1
288,62,1
439,62,1
112,62,1
488,288,1
67,439,1
206,112,1
64,298,1
316,298,1
64,302,1
130,302,1
272,302,1
388,302,1
272,64,1
296,64,1
433,64,1
98,272,1
312,272,1
481,296,1
488,296,1
287,67,1
95,287,1
103,287,1
445,287,1
469,68,1
371,68,1
158,68,1
95,469,1
219,469,1
232,371,1
98,158,1
102,158,1
232,158,1
232,388,1
399,388,1
98,219,1
312,219,1
460,219,1
460,152,1
256,152,1
130,95,1
481,95,1
114,322,1
331,322,1
164,115,1
475,115,1
256,115,1
182,103,1
336,376,1
102,316,1
488,316,1
379,475,1
399,247,1
102,460,1
206,460,1
331,460,1
331,182,1
256,98,1
130,98,1
381,331,1
411,183,1
445,360,1
264,206,1
425,114,1
488,164,1
399,488,1
381,445,1
